registry_entry_id,legacy_cluster_id,source_global_signal_cluster_id,registry_source,representative_expression,canonical_expression,candidate_id,first_seen_phase,source_arm,source_seed,source_generator,source_lane,field_list,operator_families,strict_mean_one_way_turnover,portfolio_replay_avg_one_way_turnover,portfolio_replay_long_only_sortino,strict_cost_adjusted_sortino
registry_001,cluster_002,,phase3D_cumulative_previous_103,"CSRank(Sub(Mean($amount,8),Mean($amount,5)))","CSRank(Sub(Mean($amount,8),Mean($amount,5)))",phase3repair-direct_quota_rejected-operator_sanitize-847125cd4743,,,seed9,,ast_failure_aware_repair,['$amount'],"['CSRank', 'Mean', 'Sub']",,,,
registry_002,cluster_004,,phase3D_cumulative_previous_103,"Neg(CSRank(Mul(ZScore(Delta($close,5)),ZScore(Delta($close,2)))))","Neg(CSRank(Mul(ZScore(Delta($close,5)),ZScore(Delta($close,2)))))",stockpit-cem_adaptive_grammar-a9507bc750f6,,,seed11,,r0_cem_led,['$close'],"['CSRank', 'Delta', 'Mul', 'Neg', 'ZScore']",,,,
registry_003,cluster_005,,phase3D_cumulative_previous_103,"CSRank(Mul(ZScore(Mean(Abs($close),34)),ZScore(Mean(Abs($amount),34))))","CSRank(Mul(ZScore(Mean(Abs($close),34)),ZScore(Mean(Abs($amount),34))))",stockpit-cem_adaptive_grammar-363114a10d39,,,seed10,,r0_cem_led,"['$amount', '$close']","['Abs', 'CSRank', 'Mean', 'Mul', 'ZScore']",,,,
registry_004,cluster_007,,phase3D_cumulative_previous_103,"CSRank(Sub(Mean($high,6),Mean($high,3)))","CSRank(Sub(Mean($high,6),Mean($high,3)))",phase3repair-direct_quota_rejected-operator_sanitize-056006c83140,,,seed11,,ast_failure_aware_repair,['$high'],"['CSRank', 'Mean', 'Sub']",,,,
registry_005,cluster_008,,phase3D_cumulative_previous_103,"CSRank(CSResidual(CSRank(Mean(Abs($close),21)),CSRank(Mean(Abs($final_float_market_cap),8))))","CSRank(CSResidual(CSRank(Mean(Abs($close),21)),CSRank(Mean(Abs($final_float_market_cap),8))))",stockpit-cem_adaptive_grammar-9f9a7656ebc5,,,seed10,,r0_cem_led,"['$close', '$final_float_market_cap']","['Abs', 'CSRank', 'CSResidual', 'Mean']",,,,
registry_006,cluster_010,,phase3D_cumulative_previous_103,"CSRank(Sub(Mean($close,8),Mean($close,5)))","CSRank(Sub(Mean($close,8),Mean($close,5)))",phase3repair-direct_quota_rejected-operator_sanitize-04c5cf6d3f47,,,seed12,,ast_failure_aware_repair,['$close'],"['CSRank', 'Mean', 'Sub']",,,,
registry_007,cluster_011,,phase3D_cumulative_previous_103,"CSRank(Sub(Mean($amount,6),Mean($amount,3)))","CSRank(Sub(Mean($amount,6),Mean($amount,3)))",phase3repair-direct_quota_rejected-operator_sanitize-09b8ad3f0510,,,seed9,,ast_failure_aware_repair,['$amount'],"['CSRank', 'Mean', 'Sub']",,,,
registry_008,cluster_012,,phase3D_cumulative_previous_103,"CSRank(Mul(ZScore(Std($close,8)),ZScore(Std($final_float_market_cap,34))))","CSRank(Mul(ZScore(Std($close,8)),ZScore(Std($final_float_market_cap,34))))",stockpit-cem_adaptive_grammar-42de4a8e84ec,,,seed9,,r0_cem_led,"['$close', '$final_float_market_cap']","['CSRank', 'Mul', 'Std', 'ZScore']",,,,
registry_009,cluster_013,,phase3D_cumulative_previous_103,"CSRank(Mul(ZScore(Std($close,2)),ZScore(Std($final_float_market_cap,2))))","CSRank(Mul(ZScore(Std($close,2)),ZScore(Std($final_float_market_cap,2))))",stockpit-cem_adaptive_grammar-e26646ccab93,,,seed9,,r0_cem_led,"['$close', '$final_float_market_cap']","['CSRank', 'Mul', 'Std', 'ZScore']",,,,
registry_010,cluster_014,,phase3D_cumulative_previous_103,"CSRank(Mul(ZScore(Mean($final_float_market_cap,21)),ZScore(Mean($close,21))))","CSRank(Mul(ZScore(Mean($final_float_market_cap,21)),ZScore(Mean($close,21))))",stockpit-cem_adaptive_grammar-1167107a9b52,,,seed9,,r0_cem_led,"['$close', '$final_float_market_cap']","['CSRank', 'Mean', 'Mul', 'ZScore']",,,,
registry_011,cluster_016,,phase3D_cumulative_previous_103,"Neg(CSRank(Mul(ZScore(Delta($close,5)),ZScore(Delta($amount,21)))))","Neg(CSRank(Mul(ZScore(Delta($close,5)),ZScore(Delta($amount,21)))))",stockpit-cem_adaptive_grammar-36177a8ef475,,,seed9,,r0_cem_led,"['$amount', '$close']","['CSRank', 'Delta', 'Mul', 'Neg', 'ZScore']",,,,
registry_012,cluster_017,,phase3D_cumulative_previous_103,"CSRank(Mul(ZScore(Std($final_float_market_cap,5)),ZScore(Std($close,5))))","CSRank(Mul(ZScore(Std($final_float_market_cap,5)),ZScore(Std($close,5))))",stockpit-cem_adaptive_grammar-557a79f66f15,,,seed11,,r0_cem_led,"['$close', '$final_float_market_cap']","['CSRank', 'Mul', 'Std', 'ZScore']",,,,
registry_013,cluster_018,,phase3D_cumulative_previous_103,"CSRank(Mul(ZScore(Std($final_float_market_cap,2)),ZScore(Std($close,34))))","CSRank(Mul(ZScore(Std($final_float_market_cap,2)),ZScore(Std($close,34))))",stockpit-cem_adaptive_grammar-148b02b5da4b,,,seed12,,r0_cem_led,"['$close', '$final_float_market_cap']","['CSRank', 'Mul', 'Std', 'ZScore']",,,,
registry_014,cluster_019,,phase3D_cumulative_previous_103,"Neg(CSRank(CSResidual(CSRank(Delta($volume,8)),CSRank(Delta($close,8)))))","Neg(CSRank(CSResidual(CSRank(Delta($volume,8)),CSRank(Delta($close,8)))))",stockpit-cem_adaptive_grammar-99867d1154a3,,,seed9,,r0_cem_led,"['$close', '$volume']","['CSRank', 'CSResidual', 'Delta', 'Neg']",,,,
registry_015,cluster_020,,phase3D_cumulative_previous_103,"CSRank(CSResidual(CSRank(Delta($close,8)),CSRank(Delta($amount,8))))","CSRank(CSResidual(CSRank(Delta($close,8)),CSRank(Delta($amount,8))))",stockpit-cem_adaptive_grammar-c3ee64b8f00b,,,seed9,,r0_cem_led,"['$amount', '$close']","['CSRank', 'CSResidual', 'Delta']",,,,
registry_016,cluster_021,,phase3D_cumulative_previous_103,"CSRank(Mul(ZScore(Std($amount,21)),ZScore(Std($final_float_market_cap,8))))","CSRank(Mul(ZScore(Std($amount,21)),ZScore(Std($final_float_market_cap,8))))",stockpit-cem_adaptive_grammar-dbe4aed04209,,,seed12,,r0_cem_led,"['$amount', '$final_float_market_cap']","['CSRank', 'Mul', 'Std', 'ZScore']",,,,
registry_017,cluster_022,,phase3D_cumulative_previous_103,"CSRank(Delta($close,34))","CSRank(Delta($close,34))",phase3repair-failure_detail-duplicate_escape-e8fd32a0b1dd,,,seed9,,ast_failure_aware_repair,['$close'],"['CSRank', 'Delta']",,,,
registry_018,cluster_023,,phase3D_cumulative_previous_103,"CSRank(Mul(ZScore(Std($close,21)),ZScore(Std($amount,5))))","CSRank(Mul(ZScore(Std($close,21)),ZScore(Std($amount,5))))",stockpit-cem_adaptive_grammar-a44aed9aa7e7,,,seed9,,r0_cem_led,"['$amount', '$close']","['CSRank', 'Mul', 'Std', 'ZScore']",,,,
registry_019,cluster_024,,phase3D_cumulative_previous_103,"CSRank(Mul(ZScore(Mean($close,34)),ZScore(Mean($close,8))))","CSRank(Mul(ZScore(Mean($close,34)),ZScore(Mean($close,8))))",stockpit-cem_adaptive_grammar-253033308ac3,,,seed12,,r0_cem_led,['$close'],"['CSRank', 'Mean', 'Mul', 'ZScore']",,,,
registry_020,cluster_025,,phase3D_cumulative_previous_103,"Neg(CSRank(Mul(ZScore(Delta($amount,5)),ZScore(Delta($final_float_market_cap,2)))))","Neg(CSRank(Mul(ZScore(Delta($amount,5)),ZScore(Delta($final_float_market_cap,2)))))",stockpit-cem_adaptive_grammar-a80b77d5fc5f,,,seed12,,r0_cem_led,"['$amount', '$final_float_market_cap']","['CSRank', 'Delta', 'Mul', 'Neg', 'ZScore']",,,,
registry_021,cluster_026,,phase3D_cumulative_previous_103,"CSRank(Mul(ZScore(Delta($close,34)),ZScore(Delta($close,34))))","CSRank(Mul(ZScore(Delta($close,34)),ZScore(Delta($close,34))))",stockpit-cem_adaptive_grammar-ae4bfdae0522,,,seed10,,r0_cem_led,['$close'],"['CSRank', 'Delta', 'Mul', 'ZScore']",,,,
registry_022,cluster_027,,phase3D_cumulative_previous_103,"CSRank(Mul(ZScore(Mean($open,8)),ZScore(Delta($vwap,11))))","CSRank(Mul(ZScore(Mean($open,8)),ZScore(Delta($vwap,11))))",phase3repair-failure_detail-duplicate_escape-6a69c0324828,,,seed10,,ast_failure_aware_repair,"['$open', '$vwap']","['CSRank', 'Delta', 'Mean', 'Mul', 'ZScore']",,,,
registry_023,cluster_028,,phase3D_cumulative_previous_103,"Neg(CSRank(Mul(ZScore(Delta($final_float_market_cap,5)),ZScore(Delta($final_float_market_cap,21)))))","Neg(CSRank(Mul(ZScore(Delta($final_float_market_cap,5)),ZScore(Delta($final_float_market_cap,21)))))",stockpit-cem_adaptive_grammar-1f40eb616bbd,,,seed10,,r0_cem_led,['$final_float_market_cap'],"['CSRank', 'Delta', 'Mul', 'Neg', 'ZScore']",,,,
registry_024,cluster_030,,phase3D_cumulative_previous_103,"Neg(CSRank(CSResidual(CSRank(Std($volume,21)),CSRank(Std($final_float_market_cap,5)))))","Neg(CSRank(CSResidual(CSRank(Std($volume,21)),CSRank(Std($final_float_market_cap,5)))))",stockpit-cem_adaptive_grammar-8ffd4948c769,,,seed9,,r0_cem_led,"['$final_float_market_cap', '$volume']","['CSRank', 'CSResidual', 'Neg', 'Std']",,,,
registry_025,cluster_031,,phase3D_cumulative_previous_103,"CSRank(Mul(ZScore(Mean($close,5)),ZScore(Delta($close,8))))","CSRank(Mul(ZScore(Mean($close,5)),ZScore(Delta($close,8))))",phase3repair-failure_detail-duplicate_escape-59cc6315adb3,,,seed9,,ast_failure_aware_repair,['$close'],"['CSRank', 'Delta', 'Mean', 'Mul', 'ZScore']",,,,
registry_026,cluster_032,,phase3D_cumulative_previous_103,"CSRank(Mul(ZScore(Delta($final_float_market_cap,34)),ZScore(Delta($close,21))))","CSRank(Mul(ZScore(Delta($final_float_market_cap,34)),ZScore(Delta($close,21))))",stockpit-cem_adaptive_grammar-e776378a5a65,,,seed12,,r0_cem_led,"['$close', '$final_float_market_cap']","['CSRank', 'Delta', 'Mul', 'ZScore']",,,,
registry_027,cluster_033,,phase3D_cumulative_previous_103,"CSRank(Mul(ZScore(Mean($close,34)),ZScore(Delta($close,17))))","CSRank(Mul(ZScore(Mean($close,34)),ZScore(Delta($close,17))))",phase3repair-direct_quota_rejected-duplicate_escape-9a04fa99a7ca,,,seed11,,replay_aware_residual,['$close'],"['CSRank', 'Delta', 'Mean', 'Mul', 'ZScore']",,,,
registry_028,cluster_034,,phase3D_cumulative_previous_103,"CSRank(CSResidual(CSRank($amount),CSRank($volume)))","CSRank(CSResidual(CSRank($amount),CSRank($volume)))",stockpit-cem_adaptive_grammar-ac280b97bfd0,,,seed9,,replay_aware_residual,"['$amount', '$volume']","['CSRank', 'CSResidual']",,,,
registry_029,cluster_035,,phase3D_cumulative_previous_103,"Neg(CSRank(CSResidual(CSRank(Mean(Abs($final_float_market_cap),21)),CSRank(Mean(Abs($close),34)))))","Neg(CSRank(CSResidual(CSRank(Mean(Abs($final_float_market_cap),21)),CSRank(Mean(Abs($close),34)))))",stockpit-cem_adaptive_grammar-80b0c644a304,,,seed12,,r0_cem_led,"['$close', '$final_float_market_cap']","['Abs', 'CSRank', 'CSResidual', 'Mean', 'Neg']",,,,
registry_030,cluster_036,,phase3D_cumulative_previous_103,"Neg(CSRank(Mul(ZScore(Delta($final_float_market_cap,5)),ZScore(Delta($close,21)))))","Neg(CSRank(Mul(ZScore(Delta($final_float_market_cap,5)),ZScore(Delta($close,21)))))",stockpit-cem_adaptive_grammar-08eefe9806ba,,,seed12,,r0_cem_led,"['$close', '$final_float_market_cap']","['CSRank', 'Delta', 'Mul', 'Neg', 'ZScore']",,,,
registry_031,cluster_037,,phase3D_cumulative_previous_103,"CSRank(CSResidual(CSRank(Neg(CSRank(Mean(Abs($ret),13)))),CSRank(Neg(CSRank(Mean(Abs($ret),21))))))","CSRank(CSResidual(CSRank(Neg(CSRank(Mean(Abs($ret),13)))),CSRank(Neg(CSRank(Mean(Abs($ret),21))))))",stockpit-ast_evolutionary_mutation-9cc9fb9d45f6,,,seed9,,r0_cem_led,['$ret'],"['Abs', 'CSRank', 'CSResidual', 'Mean', 'Neg']",,,,
registry_032,cluster_038,,phase3D_cumulative_previous_103,"Neg(CSRank(Std($volume,34)))","Neg(CSRank(Std($volume,34)))",stockpit-cem_adaptive_grammar-8bf0a8b08355,,,seed10,,r0_cem_led,['$volume'],"['CSRank', 'Neg', 'Std']",,,,
registry_033,cluster_039,,phase3D_cumulative_previous_103,"CSRank(Mul(ZScore(Neg(CSRank(Mean(Abs($ret),2)))),ZScore(CSRank(Mean(Abs($ret),8)))))","CSRank(Mul(ZScore(Neg(CSRank(Mean(Abs($ret),2)))),ZScore(CSRank(Mean(Abs($ret),8)))))",stockpit-ast_evolutionary_mutation-fc0abf958798,,,seed10,,r0_cem_led,['$ret'],"['Abs', 'CSRank', 'Mean', 'Mul', 'Neg', 'ZScore']",,,,
registry_034,cluster_040,,phase3D_cumulative_previous_103,"CSRank(Mul(ZScore(Mean(Abs($volume),8)),ZScore(Mean(Abs($close),8))))","CSRank(Mul(ZScore(Mean(Abs($volume),8)),ZScore(Mean(Abs($close),8))))",stockpit-cem_adaptive_grammar-c4e03ce60567,,,seed9,,r0_cem_led,"['$close', '$volume']","['Abs', 'CSRank', 'Mean', 'Mul', 'ZScore']",,,,
registry_035,cluster_044,,phase3D_cumulative_previous_103,"CSRank(CSResidual(CSRank(CSRank(Mom($close,21))),CSRank(Neg(CSRank(Mom($close,13))))))","CSRank(CSResidual(CSRank(CSRank(Mom($close,21))),CSRank(Neg(CSRank(Mom($close,13))))))",stockpit-ast_evolutionary_mutation-36a13a40253b,,,seed11,,r0_cem_led,['$close'],"['CSRank', 'CSResidual', 'Mom', 'Neg']",,,,
registry_036,cluster_045,,phase3D_cumulative_previous_103,"Neg(CSRank(Mul(ZScore(Mean(Abs($volume),8)),ZScore(Mean(Abs($amount),5)))))","Neg(CSRank(Mul(ZScore(Mean(Abs($volume),8)),ZScore(Mean(Abs($amount),5)))))",stockpit-cem_adaptive_grammar-0180242ca2b8,,,seed10,,r0_cem_led,"['$amount', '$volume']","['Abs', 'CSRank', 'Mean', 'Mul', 'Neg', 'ZScore']",,,,
registry_037,cluster_046,,phase3D_cumulative_previous_103,"CSRank(CSResidual(CSRank(Delta($close,21)),CSRank(Delta($final_float_market_cap,5))))","CSRank(CSResidual(CSRank(Delta($close,21)),CSRank(Delta($final_float_market_cap,5))))",stockpit-cem_adaptive_grammar-0cb55f26314f,,,seed12,,r0_cem_led,"['$close', '$final_float_market_cap']","['CSRank', 'CSResidual', 'Delta']",,,,
registry_038,cluster_049,,phase3D_cumulative_previous_103,"CSRank(Sub(Mean($close,17),Mean($close,34)))","CSRank(Sub(Mean($close,17),Mean($close,34)))",phase3repair-failure_detail-operator_sanitize-1a6d0fab97f5,,,seed10,,replay_aware_residual,['$close'],"['CSRank', 'Mean', 'Sub']",,,,
registry_039,cluster_052,,phase3D_cumulative_previous_103,"CSRank(CSResidual(CSRank(CSRank(Mom($close,13))),CSRank(Neg(CSRank(Mom($close,3))))))","CSRank(CSResidual(CSRank(CSRank(Mom($close,13))),CSRank(Neg(CSRank(Mom($close,3))))))",stockpit-ast_evolutionary_mutation-951d371f3fce,,,seed10,,r0_cem_led,['$close'],"['CSRank', 'CSResidual', 'Mom', 'Neg']",,,,
registry_040,cluster_054,,phase3D_cumulative_previous_103,"Neg(CSRank(Mul(ZScore(Std($volume,34)),ZScore(Std($final_float_market_cap,8)))))","Neg(CSRank(Mul(ZScore(Std($volume,34)),ZScore(Std($final_float_market_cap,8)))))",stockpit-cem_adaptive_grammar-f27f68dd4c12,,,seed9,,r0_cem_led,"['$final_float_market_cap', '$volume']","['CSRank', 'Mul', 'Neg', 'Std', 'ZScore']",,,,
registry_041,cluster_059,,phase3D_cumulative_previous_103,"Neg(CSRank(Mul(ZScore(Std($volume,2)),ZScore(Std($amount,34)))))","Neg(CSRank(Mul(ZScore(Std($volume,2)),ZScore(Std($amount,34)))))",stockpit-cem_adaptive_grammar-e7143aa623d9,,,seed11,,r0_cem_led,"['$amount', '$volume']","['CSRank', 'Mul', 'Neg', 'Std', 'ZScore']",,,,
registry_042,cluster_060,,phase3D_cumulative_previous_103,"Neg(CSRank(Mul(ZScore(Mean($final_float_market_cap,8)),ZScore(Mean($final_float_market_cap,34)))))","Neg(CSRank(Mul(ZScore(Mean($final_float_market_cap,8)),ZScore(Mean($final_float_market_cap,34)))))",stockpit-cem_adaptive_grammar-2fe9747afab0,,,seed9,,r0_cem_led,['$final_float_market_cap'],"['CSRank', 'Mean', 'Mul', 'Neg', 'ZScore']",,,,
registry_043,phase3c_cluster_001,,phase3D_cumulative_previous_103,"CSRank(Mul(ZScore($open),Corr($close,Mom($final_float_market_cap,13),5)))","CSRank(Mul(ZScore($open),Corr($close,Mom($final_float_market_cap,13),5)))",agnostic-freeform-b941522c10ee,,,Phase3C_SO_open_ended,,agnostic_freeform_ast,"['$close', '$final_float_market_cap', '$open']","['CSRank', 'Corr', 'Mom', 'Mul', 'ZScore']",,,,
registry_044,phase3c_cluster_004,,phase3D_cumulative_previous_103,"CSRank(Mul(ZScore(Mean(Abs(Delta($amount,1)),8)),Mul(ZScore($open),CSRank($high))))","CSRank(Mul(ZScore(Mean(Abs(Delta($amount,1)),8)),Mul(ZScore($open),CSRank($high))))",agnostic-freeform-48c8ab0de23a,,,Phase3C_PM_mixed,,agnostic_freeform_ast,"['$amount', '$high', '$open']","['Abs', 'CSRank', 'Delta', 'Mean', 'Mul', 'ZScore']",,,,
registry_045,phase3c_cluster_007,,phase3D_cumulative_previous_103,"CSRank(Mul(CSRank(Mul(ZScore(Delta($close,21)),ZScore(Delta($final_float_market_cap,1)))),ZScore(Mean(Abs(Delta($close,1)),20))))","CSRank(Mul(CSRank(Mul(ZScore(Delta($close,21)),ZScore(Delta($final_float_market_cap,1)))),ZScore(Mean(Abs(Delta($close,1)),20))))",fgv2-repair-add_state_gate-6c729348bc,,,Phase3C_SM_mixed,,formula_gen_v2_repair_expansion,"['$close', '$final_float_market_cap']","['Abs', 'CSRank', 'Delta', 'Mean', 'Mul', 'ZScore']",,,,
registry_046,phase3c_cluster_010,,phase3D_cumulative_previous_103,"CSRank(Sub(ZScore(Mean($amount,20)),ZScore(Mean($amount,2))))","CSRank(Sub(ZScore(Mean($amount,20)),ZScore(Mean($amount,2))))",fgv2-ablation-S-5531bb1349,,,Phase3C_PM_mixed,,formula_gen_v2_defined,['$amount'],"['CSRank', 'Mean', 'Sub', 'ZScore']",,,,
registry_047,phase3c_cluster_011,,phase3D_cumulative_previous_103,"CSRank(Mul(ZScore(Mean($amount,13)),Mul(CSRank(Std($open,3)),ZScore(Mean(Abs(Delta($vwap,1)),8)))))","CSRank(Mul(ZScore(Mean($amount,13)),Mul(CSRank(Std($open,3)),ZScore(Mean(Abs(Delta($vwap,1)),8)))))",agnostic-freeform-3ce087915437,,,Phase3C_PM_mixed,,agnostic_freeform_ast,"['$amount', '$open', '$vwap']","['Abs', 'CSRank', 'Delta', 'Mean', 'Mul', 'Std', 'ZScore']",,,,
registry_048,phase3c_cluster_013,,phase3D_cumulative_previous_103,"CSRank(Add(CSRank(Delta($final_float_market_cap,34)),CSRank($high)))","CSRank(Add(CSRank(Delta($final_float_market_cap,34)),CSRank($high)))",agnostic-freeform-2d03e786509e,,,Phase3C_SM_mixed,,agnostic_freeform_ast,"['$final_float_market_cap', '$high']","['Add', 'CSRank', 'Delta']",,,,
registry_049,phase3c_cluster_014,,phase3D_cumulative_previous_103,"CSRank(Sub(ZScore($vwap),ZScore($turnover_rate)))","CSRank(Sub(ZScore($vwap),ZScore($turnover_rate)))",agnostic-freeform-114cb2a7ea61,,,Phase3C_SM_mixed,,agnostic_freeform_ast,"['$turnover_rate', '$vwap']","['CSRank', 'Sub', 'ZScore']",,,,
registry_050,phase3c_cluster_015,,phase3D_cumulative_previous_103,"CSRank(Mul(CSRank(Mul(ZScore($final_float_market_cap),ZScore($close))),Mul(Mean(Mul(Sign(Delta($close,1)),Sign(Delta($amount,1))),5),ZScore(Mean(Abs(Delta($close,1)),20)))))","CSRank(Mul(CSRank(Mul(ZScore($final_float_market_cap),ZScore($close))),Mul(Mean(Mul(Sign(Delta($close,1)),Sign(Delta($amount,1))),5),ZScore(Mean(Abs(Delta($close,1)),20)))))",fgv2-repair-add_confirmation_state-9339936017,,,Phase3C_SM_mixed,,formula_gen_v2_repair_expansion,"['$amount', '$close', '$final_float_market_cap']","['Abs', 'CSRank', 'Delta', 'Mean', 'Mul', 'Sign', 'ZScore']",,,,
registry_051,phase3c_cluster_018,,phase3D_cumulative_previous_103,"CSRank(Mul(CSRank(Std($vwap,21)),ZScore(Mean($close,21))))","CSRank(Mul(CSRank(Std($vwap,21)),ZScore(Mean($close,21))))",agnostic-freeform-23021cadc909,,,Phase3C_SO_open_ended,,agnostic_freeform_ast,"['$close', '$vwap']","['CSRank', 'Mean', 'Mul', 'Std', 'ZScore']",,,,
registry_052,phase3c_cluster_023,,phase3D_cumulative_previous_103,"CSRank(Mul(CSRank(Mul(ZScore(Mean($amount,5)),ZScore(Mean($amount,5)))),ZScore(Mean(Abs(Delta($close,1)),20))))","CSRank(Mul(CSRank(Mul(ZScore(Mean($amount,5)),ZScore(Mean($amount,5)))),ZScore(Mean(Abs(Delta($close,1)),20))))",fgv2-repair-add_state_gate-c0032679ed,,,Phase3C_PM_mixed,,formula_gen_v2_repair_expansion,"['$amount', '$close']","['Abs', 'CSRank', 'Delta', 'Mean', 'Mul', 'ZScore']",,,,
registry_053,phase3c_cluster_024,,phase3D_cumulative_previous_103,"Neg(CSRank(Mul(ZScore(Delta($close,5)),ZScore(Delta($close,1)))))","Neg(CSRank(Mul(ZScore(Delta($close,5)),ZScore(Delta($close,1)))))",stockpit-cem_adaptive_grammar-31bdfaa36118,,,Phase3C_S0_stable_control,,r0_cem_led,['$close'],"['CSRank', 'Delta', 'Mul', 'Neg', 'ZScore']",,,,
registry_054,phase3c_cluster_025,,phase3D_cumulative_previous_103,"CSRank(Sub(ZScore(Mean($close,21)),CSRank(Std($low,2))))","CSRank(Sub(ZScore(Mean($close,21)),CSRank(Std($low,2))))",agnostic-freeform-f3b5e61d82f0,,,Phase3C_PO_open_ended,,agnostic_freeform_ast,"['$close', '$low']","['CSRank', 'Mean', 'Std', 'Sub', 'ZScore']",,,,
registry_055,phase3c_cluster_026,,phase3D_cumulative_previous_103,"Neg(CSRank(CSResidual(CSRank(Delta($amount,5)),CSRank(Delta($close,5)))))","Neg(CSRank(CSResidual(CSRank(Delta($amount,5)),CSRank(Delta($close,5)))))",stockpit-cem_adaptive_grammar-3293d34baffe,,,Phase3C_P0_productive_control,,r0_cem_led,"['$amount', '$close']","['CSRank', 'CSResidual', 'Delta', 'Neg']",,,,
registry_056,phase3c_cluster_028,,phase3D_cumulative_previous_103,"CSRank(Mul(ZScore(Std($turnover_rate,8)),Mul(ZScore(Mean($low,34)),ZScore(Delta($high,21)))))","CSRank(Mul(ZScore(Std($turnover_rate,8)),Mul(ZScore(Mean($low,34)),ZScore(Delta($high,21)))))",agnostic-freeform-d61baa56e266,,,Phase3C_SM_mixed,,agnostic_freeform_ast,"['$high', '$low', '$turnover_rate']","['CSRank', 'Delta', 'Mean', 'Mul', 'Std', 'ZScore']",,,,
registry_057,phase3c_cluster_030,,phase3D_cumulative_previous_103,"CSRank(Sub(ZScore(Std($final_total_market_cap,13)),ZScore(Mean(Abs(Delta($final_total_market_cap,1)),2))))","CSRank(Sub(ZScore(Std($final_total_market_cap,13)),ZScore(Mean(Abs(Delta($final_total_market_cap,1)),2))))",agnostic-freeform-16ee6691243c,,,Phase3C_PO_open_ended,,agnostic_freeform_ast,['$final_total_market_cap'],"['Abs', 'CSRank', 'Delta', 'Mean', 'Std', 'Sub', 'ZScore']",,,,
registry_058,phase3c_cluster_031,,phase3D_cumulative_previous_103,"CSRank(Mul(CSRank(Mul(ZScore(Delta($close,21)),ZScore(Delta($amount,21)))),ZScore(Mean(Abs(Delta($close,1)),20))))","CSRank(Mul(CSRank(Mul(ZScore(Delta($close,21)),ZScore(Delta($amount,21)))),ZScore(Mean(Abs(Delta($close,1)),20))))",fgv2-repair-add_state_gate-509d9a3e22,,,Phase3C_SM_mixed,,formula_gen_v2_repair_expansion,"['$amount', '$close']","['Abs', 'CSRank', 'Delta', 'Mean', 'Mul', 'ZScore']",,,,
registry_059,phase3c_cluster_034,,phase3D_cumulative_previous_103,"CSRank(Add(CSRank(Mom($vwap,8)),ZScore($high)))","CSRank(Add(CSRank(Mom($vwap,8)),ZScore($high)))",agnostic-freeform-ffa89cf2efea,,,Phase3C_PM_mixed,,replay_aware_residual,"['$high', '$vwap']","['Add', 'CSRank', 'Mom', 'ZScore']",,,,
registry_060,phase3c_cluster_035,,phase3D_cumulative_previous_103,"CSRank(Mul(ZScore(Std($high,34)),Mul(CSRank(Delta($close,21)),CSRank(Mean(Abs(Delta($vwap,1)),8)))))","CSRank(Mul(ZScore(Std($high,34)),Mul(CSRank(Delta($close,21)),CSRank(Mean(Abs(Delta($vwap,1)),8)))))",agnostic-freeform-3bb7cb758ab5,,,Phase3C_PO_open_ended,,agnostic_freeform_ast,"['$close', '$high', '$vwap']","['Abs', 'CSRank', 'Delta', 'Mean', 'Mul', 'Std', 'ZScore']",,,,
registry_061,phase3c_cluster_036,,phase3D_cumulative_previous_103,"CSRank(CSResidual(ZScore(Std($close,5)),ZScore(Delta($vwap,2))))","CSRank(CSResidual(ZScore(Std($close,5)),ZScore(Delta($vwap,2))))",agnostic-freeform-8cd241bc3ac9,,,Phase3C_SM_mixed,,replay_aware_residual,"['$close', '$vwap']","['CSRank', 'CSResidual', 'Delta', 'Std', 'ZScore']",,,,
registry_062,phase3c_cluster_041,,phase3D_cumulative_previous_103,"CSRank(Mul(CSRank($close),ZScore(Mean(Abs(Delta($close,1)),20))))","CSRank(Mul(CSRank($close),ZScore(Mean(Abs(Delta($close,1)),20))))",fgv2-repair-add_state_gate-468a6c5cf1,,,Phase3C_SM_mixed,,formula_gen_v2_repair_expansion,['$close'],"['Abs', 'CSRank', 'Delta', 'Mean', 'Mul', 'ZScore']",,,,
registry_063,phase3c_cluster_044,,phase3D_cumulative_previous_103,"CSRank(Mul(ZScore($open),Mul(Sign(Mean($volume,8)),Sign(Delta($vwap,5)))))","CSRank(Mul(ZScore($open),Mul(Sign(Mean($volume,8)),Sign(Delta($vwap,5)))))",agnostic-freeform-00dade142126,,,Phase3C_SM_mixed,,agnostic_freeform_ast,"['$open', '$volume', '$vwap']","['CSRank', 'Delta', 'Mean', 'Mul', 'Sign', 'ZScore']",,,,
registry_064,phase3c_cluster_046,,phase3D_cumulative_previous_103,"CSRank(ZScore(Mul(ZScore(Mean(Abs(Delta($turnover_rate,1)),10)),ZScore(Mean(Abs(Delta($close,1)),20)))))","CSRank(ZScore(Mul(ZScore(Mean(Abs(Delta($turnover_rate,1)),10)),ZScore(Mean(Abs(Delta($close,1)),20)))))",fgv2-signal_state-358397896597,,,Phase3C_SM_mixed,,formula_gen_v2_defined,"['$close', '$turnover_rate']","['Abs', 'CSRank', 'Delta', 'Mean', 'Mul', 'ZScore']",,,,
registry_065,phase3c_cluster_050,,phase3D_cumulative_previous_103,"CSRank(Mul(ZScore(Delta($final_float_market_cap,21)),ZScore(Delta($close,21))))","CSRank(Mul(ZScore(Delta($final_float_market_cap,21)),ZScore(Delta($close,21))))",stockpit-cem_adaptive_grammar-403c9200612d,,,Phase3C_PD_defined_motifs,,r0_cem_led,"['$close', '$final_float_market_cap']","['CSRank', 'Delta', 'Mul', 'ZScore']",,,,
registry_066,phase3c_cluster_051,,phase3D_cumulative_previous_103,"CSRank(Mul(ZScore($final_float_market_cap),Mul(CSRank($turnover_rate),CSRank($vwap))))","CSRank(Mul(ZScore($final_float_market_cap),Mul(CSRank($turnover_rate),CSRank($vwap))))",agnostic-freeform-30bca815e518,,,Phase3C_PO_open_ended,,replay_aware_residual,"['$final_float_market_cap', '$turnover_rate', '$vwap']","['CSRank', 'Mul', 'ZScore']",,,,
registry_067,phase3c_cluster_053,,phase3D_cumulative_previous_103,"CSRank(Mul(CSRank($final_float_market_cap),Mul(CSRank(Mean($final_total_market_cap,5)),ZScore(Std($vwap,2)))))","CSRank(Mul(CSRank($final_float_market_cap),Mul(CSRank(Mean($final_total_market_cap,5)),ZScore(Std($vwap,2)))))",agnostic-freeform-cdc9fe6628e3,,,Phase3C_SO_open_ended,,agnostic_freeform_ast,"['$final_float_market_cap', '$final_total_market_cap', '$vwap']","['CSRank', 'Mean', 'Mul', 'Std', 'ZScore']",,,,
registry_068,phase3c_cluster_054,,phase3D_cumulative_previous_103,"Neg(CSRank(Mul(ZScore(Delta($final_float_market_cap,21)),ZScore(Delta($close,5)))))","Neg(CSRank(Mul(ZScore(Delta($final_float_market_cap,21)),ZScore(Delta($close,5)))))",stockpit-cem_adaptive_grammar-dcaf318c9ffa,,,Phase3C_PD_defined_motifs,,r0_cem_led,"['$close', '$final_float_market_cap']","['CSRank', 'Delta', 'Mul', 'Neg', 'ZScore']",,,,
registry_069,phase3c_cluster_060,,phase3D_cumulative_previous_103,"CSRank(ZScore(Mul(ZScore(Mean(Delta($vwap,1),20)),Mean(Mul(Sign(Delta($close,1)),Sign(Delta($volume,1))),20))))","CSRank(ZScore(Mul(ZScore(Mean(Delta($vwap,1),20)),Mean(Mul(Sign(Delta($close,1)),Sign(Delta($volume,1))),20))))",fgv2-signal_confirm-1f5a2b95febe,,,Phase3C_PD_defined_motifs,,formula_gen_v2_defined,"['$close', '$volume', '$vwap']","['CSRank', 'Delta', 'Mean', 'Mul', 'Sign', 'ZScore']",,,,
registry_070,phase3c_cluster_063,,phase3D_cumulative_previous_103,"CSRank(Mul(CSRank(Mean(Abs(Delta($turnover_rate,1)),5)),Mul(ZScore(Mean($low,21)),ZScore($close))))","CSRank(Mul(CSRank(Mean(Abs(Delta($turnover_rate,1)),5)),Mul(ZScore(Mean($low,21)),ZScore($close))))",agnostic-freeform-93a811bfe53c,,,Phase3C_PM_mixed,,agnostic_freeform_ast,"['$close', '$low', '$turnover_rate']","['Abs', 'CSRank', 'Delta', 'Mean', 'Mul', 'ZScore']",,,,
registry_071,phase3c_cluster_067,,phase3D_cumulative_previous_103,"Neg(CSRank(Mul(ZScore(Delta($amount,5)),ZScore(Delta($final_float_market_cap,21)))))","Neg(CSRank(Mul(ZScore(Delta($amount,5)),ZScore(Delta($final_float_market_cap,21)))))",stockpit-cem_adaptive_grammar-bbfcaca9c0ca,,,Phase3C_SD_defined_motifs,,r0_cem_led,"['$amount', '$final_float_market_cap']","['CSRank', 'Delta', 'Mul', 'Neg', 'ZScore']",,,,
registry_072,phase3c_cluster_069,,phase3D_cumulative_previous_103,"CSRank(Div(Sub($open,Mean($vwap,21)),Mean(Abs($ret),2)))","CSRank(Div(Sub($open,Mean($vwap,21)),Mean(Abs($ret),2)))",stockpit-ast_evolutionary_mutation-48c6145d2a67,,,Phase3C_S0_stable_control,,r0_cem_led,"['$open', '$ret', '$vwap']","['Abs', 'CSRank', 'Div', 'Mean', 'Sub']",,,,
registry_073,phase3c_cluster_072,,phase3D_cumulative_previous_103,"CSRank(Mul(ZScore(Mean($close,5)),ZScore(Mean(Abs(Delta($turnover_rate,1)),2))))","CSRank(Mul(ZScore(Mean($close,5)),ZScore(Mean(Abs(Delta($turnover_rate,1)),2))))",agnostic-freeform-ff42148e081c,,,Phase3C_SO_open_ended,,agnostic_freeform_ast,"['$close', '$turnover_rate']","['Abs', 'CSRank', 'Delta', 'Mean', 'Mul', 'ZScore']",,,,
registry_074,phase3c_cluster_074,,phase3D_cumulative_previous_103,"CSRank(Mul(Sign(Delta($close,13)),Mul(Sign(Mean($vwap,13)),ZScore(Mean($high,21)))))","CSRank(Mul(Sign(Delta($close,13)),Mul(Sign(Mean($vwap,13)),ZScore(Mean($high,21)))))",agnostic-freeform-7259caa46e95,,,Phase3C_SM_mixed,,agnostic_freeform_ast,"['$close', '$high', '$vwap']","['CSRank', 'Delta', 'Mean', 'Mul', 'Sign', 'ZScore']",,,,
registry_075,phase3c_cluster_079,,phase3D_cumulative_previous_103,"CSRank(Sub(Sign(Mom($amount,5)),ZScore(Delta($turnover_rate,13))))","CSRank(Sub(Sign(Mom($amount,5)),ZScore(Delta($turnover_rate,13))))",agnostic-freeform-aaf090faa76a,,,Phase3C_PM_mixed,,agnostic_freeform_ast,"['$amount', '$turnover_rate']","['CSRank', 'Delta', 'Mom', 'Sign', 'Sub', 'ZScore']",,,,
registry_076,phase3c_cluster_081,,phase3D_cumulative_previous_103,"CSRank(CSResidual(CSRank(Delta($amount,21)),CSRank(Delta($final_float_market_cap,5))))","CSRank(CSResidual(CSRank(Delta($amount,21)),CSRank(Delta($final_float_market_cap,5))))",stockpit-cem_adaptive_grammar-f441729186b0,,,Phase3C_PO_open_ended,,r0_cem_led,"['$amount', '$final_float_market_cap']","['CSRank', 'CSResidual', 'Delta']",,,,
registry_077,phase3c_cluster_083,,phase3D_cumulative_previous_103,"CSRank(CSResidual(CSRank(Std($final_float_market_cap,5)),CSRank(Std($volume,21))))","CSRank(CSResidual(CSRank(Std($final_float_market_cap,5)),CSRank(Std($volume,21))))",stockpit-cem_adaptive_grammar-54dd3bc3ad51,,,Phase3C_S0_stable_control,,r0_cem_led,"['$final_float_market_cap', '$volume']","['CSRank', 'CSResidual', 'Std']",,,,
registry_078,phase3c_cluster_087,,phase3D_cumulative_previous_103,"CSRank(CSResidual(CSRank(Delta($final_float_market_cap,5)),CSRank(Delta($amount,5))))","CSRank(CSResidual(CSRank(Delta($final_float_market_cap,5)),CSRank(Delta($amount,5))))",stockpit-cem_adaptive_grammar-3f0460244fb6,,,Phase3C_PO_open_ended,,r0_cem_led,"['$amount', '$final_float_market_cap']","['CSRank', 'CSResidual', 'Delta']",,,,
registry_079,phase3c_cluster_089,,phase3D_cumulative_previous_103,"Neg(CSRank(CSResidual(CSRank(Mean(Abs($volume),5)),CSRank(Mean(Abs($volume),21)))))","Neg(CSRank(CSResidual(CSRank(Mean(Abs($volume),5)),CSRank(Mean(Abs($volume),21)))))",stockpit-cem_adaptive_grammar-df822c33075b,,,Phase3C_SD_defined_motifs,,r0_cem_led,['$volume'],"['Abs', 'CSRank', 'CSResidual', 'Mean', 'Neg']",,,,
registry_080,phase3c_cluster_091,,phase3D_cumulative_previous_103,"CSRank(CSResidual(CSRank(Delta($final_float_market_cap,21)),CSRank(Delta($close,1))))","CSRank(CSResidual(CSRank(Delta($final_float_market_cap,21)),CSRank(Delta($close,1))))",stockpit-cem_adaptive_grammar-207a79bd26c1,,,Phase3C_SM_mixed,,r0_cem_led,"['$close', '$final_float_market_cap']","['CSRank', 'CSResidual', 'Delta']",,,,
registry_081,phase3c_cluster_093,,phase3D_cumulative_previous_103,"Neg(CSRank(Mul(ZScore(Std($amount,21)),ZScore(Std($volume,5)))))","Neg(CSRank(Mul(ZScore(Std($amount,21)),ZScore(Std($volume,5)))))",stockpit-cem_adaptive_grammar-e1f023b2bbe4,,,Phase3C_PM_mixed,,r0_cem_led,"['$amount', '$volume']","['CSRank', 'Mul', 'Neg', 'Std', 'ZScore']",,,,
registry_082,phase3d_cluster_003,,phase3D_cumulative_previous_103,"CSRank(Mul(ZScore(Neg(CSRank($close))),ZScore(Neg(CSRank(Mean(Abs($ret),8))))))","CSRank(Mul(ZScore(Neg(CSRank($close))),ZScore(Neg(CSRank(Mean(Abs($ret),8))))))",stockpit-ast_evolutionary_mutation-cc3203844d33,Phase3D,Phase3D_D3_SM_no_defined_direct,Phase3D_D3_SM_no_defined_direct,r0_cem_led,,"['$close', '$ret']","['Abs', 'CSRank', 'Mean', 'Mul', 'Neg', 'ZScore']",,,1.239563,
registry_083,phase3d_cluster_004,,phase3D_cumulative_previous_103,"CSRank(Mul(CSRank(Mean(Abs(Delta($low,1)),34)),Mul(CSRank(Mean(Abs(Delta($final_float_market_cap,1)),13)),Sign($final_total_market_cap))))","CSRank(Mul(CSRank(Mean(Abs(Delta($low,1)),34)),Mul(CSRank(Mean(Abs(Delta($final_float_market_cap,1)),13)),Sign($final_total_market_cap))))",agnostic-freeform-9b9108d72ef1,Phase3D,Phase3D_D3_SM_no_defined_direct,Phase3D_D3_SM_no_defined_direct,agnostic_freeform_ast,,"['$final_float_market_cap', '$final_total_market_cap', '$low']","['Abs', 'CSRank', 'Delta', 'Mean', 'Mul', 'Sign']",,,1.173608,
registry_084,phase3d_cluster_005,,phase3D_cumulative_previous_103,"CSRank(Mul(Sign(ZScore(Mean($low,34))),Mul(ZScore(Mean($low,34)),ZScore(Mean($low,34)))))","CSRank(Mul(Sign(ZScore(Mean($low,34))),Mul(ZScore(Mean($low,34)),ZScore(Mean($low,34)))))",agnostic-freeform-0f093cdd2298,Phase3D,Phase3D_D1_SM_open_repair,Phase3D_D1_SM_open_repair,agnostic_freeform_ast,,['$low'],"['CSRank', 'Mean', 'Mul', 'Sign', 'ZScore']",,,1.254644,
registry_085,phase3d_cluster_008,,phase3D_cumulative_previous_103,"CSRank(Mul(ZScore(Delta($vwap,34)),ZScore(Mean($vwap,13))))","CSRank(Mul(ZScore(Delta($vwap,34)),ZScore(Mean($vwap,13))))",agnostic-freeform-b641fde5349b,Phase3D,Phase3D_D0_SM_current_control,Phase3D_D0_SM_current_control,agnostic_freeform_ast,,['$vwap'],"['CSRank', 'Delta', 'Mean', 'Mul', 'ZScore']",,,1.307652,
registry_086,phase3d_cluster_009,,phase3D_cumulative_previous_103,"CSRank(Sub(CSRank(Mean(Abs(Delta($vwap,1)),8)),Sign(Delta($low,13))))","CSRank(Sub(CSRank(Mean(Abs(Delta($vwap,1)),8)),Sign(Delta($low,13))))",agnostic-freeform-58915c2d9b95,Phase3D,Phase3D_D0_SM_current_control,Phase3D_D0_SM_current_control,agnostic_freeform_ast,,"['$low', '$vwap']","['Abs', 'CSRank', 'Delta', 'Mean', 'Sign', 'Sub']",,,1.294015,
registry_087,phase3d_cluster_013,,phase3D_cumulative_previous_103,"CSRank(Sub(ZScore($low),CSRank(Mom($low,5))))","CSRank(Sub(ZScore($low),CSRank(Mom($low,5))))",agnostic-freeform-884772ec77bf,Phase3D,Phase3D_D3_SM_no_defined_direct,Phase3D_D3_SM_no_defined_direct,agnostic_freeform_ast,,['$low'],"['CSRank', 'Mom', 'Sub', 'ZScore']",,,1.211966,
registry_088,phase3d_cluster_014,,phase3D_cumulative_previous_103,"CSRank(Mul(Neg(CSRank(Mul(ZScore(Delta($amount,5)),ZScore(Delta($close,21))))),Corr(Delta($amount,1),Delay(Delta($amount,1),1),10)))","CSRank(Mul(Neg(CSRank(Mul(ZScore(Delta($amount,5)),ZScore(Delta($close,21))))),Corr(Delta($amount,1),Delay(Delta($amount,1),1),10)))",fgv2-repair-temporalize-9d260902e5,Phase3D,Phase3D_D3_SM_no_defined_direct,Phase3D_D3_SM_no_defined_direct,formula_gen_v2_repair_expansion,,"['$amount', '$close']","['CSRank', 'Corr', 'Delay', 'Delta', 'Mul', 'Neg', 'ZScore']",,,0.61979,
registry_089,phase3d_cluster_015,,phase3D_cumulative_previous_103,"CSRank(CSResidual(ZScore(Std($high,8)),CSRank($amount)))","CSRank(CSResidual(ZScore(Std($high,8)),CSRank($amount)))",agnostic-freeform-dbf0e6db88ce,Phase3D,Phase3D_D0_SM_current_control,Phase3D_D0_SM_current_control,agnostic_freeform_ast,,"['$amount', '$high']","['CSRank', 'CSResidual', 'Std', 'ZScore']",,,1.122388,
registry_090,phase3d_cluster_016,,phase3D_cumulative_previous_103,"CSRank(CSResidual(ZScore(Mean(Abs(Delta($open,1)),8)),CSRank(Mean(Abs(Delta($high,1)),2))))","CSRank(CSResidual(ZScore(Mean(Abs(Delta($open,1)),8)),CSRank(Mean(Abs(Delta($high,1)),2))))",agnostic-freeform-46d76839db90,Phase3D,Phase3D_D3_SM_no_defined_direct,Phase3D_D3_SM_no_defined_direct,agnostic_freeform_ast,,"['$high', '$open']","['Abs', 'CSRank', 'CSResidual', 'Delta', 'Mean', 'ZScore']",,,1.128054,
registry_091,phase3d_cluster_019,,phase3D_cumulative_previous_103,"CSRank(Sub(ZScore($vwap),CSRank(Delta($low,13))))","CSRank(Sub(ZScore($vwap),CSRank(Delta($low,13))))",agnostic-freeform-74d5549ff381,Phase3D,Phase3D_D2_PM_open_repair,Phase3D_D2_PM_open_repair,agnostic_freeform_ast,,"['$low', '$vwap']","['CSRank', 'Delta', 'Sub', 'ZScore']",,,1.112239,
registry_092,phase3d_cluster_020,,phase3D_cumulative_previous_103,"CSRank(Mul(ZScore($vwap),Corr(Mean(Abs(Delta($vwap,1)),3),Delay(Mom($final_float_market_cap,34),1),21)))","CSRank(Mul(ZScore($vwap),Corr(Mean(Abs(Delta($vwap,1)),3),Delay(Mom($final_float_market_cap,34),1),21)))",agnostic-freeform-9bdfcc8746f5,Phase3D,Phase3D_D2_PM_open_repair,Phase3D_D2_PM_open_repair,agnostic_freeform_ast,,"['$final_float_market_cap', '$vwap']","['Abs', 'CSRank', 'Corr', 'Delay', 'Delta', 'Mean', 'Mom', 'Mul', 'ZScore']",,,0.933934,
registry_093,phase3d_cluster_026,,phase3D_cumulative_previous_103,"CSRank(Mul(Sign(ZScore(Std($close,21))),Mul(ZScore(Std($close,21)),ZScore(Std($close,21)))))","CSRank(Mul(Sign(ZScore(Std($close,21))),Mul(ZScore(Std($close,21)),ZScore(Std($close,21)))))",agnostic-freeform-bd75f7124672,Phase3D,Phase3D_D1_SM_open_repair,Phase3D_D1_SM_open_repair,agnostic_freeform_ast,,['$close'],"['CSRank', 'Mul', 'Sign', 'Std', 'ZScore']",,,1.077956,
registry_094,phase3d_cluster_029,,phase3D_cumulative_previous_103,"CSRank(Mul(ZScore(Mean($high,2)),Corr(Mean($vwap,3),Delta($amount,13),13)))","CSRank(Mul(ZScore(Mean($high,2)),Corr(Mean($vwap,3),Delta($amount,13),13)))",agnostic-freeform-6abc920e9dee,Phase3D,Phase3D_D3_SM_no_defined_direct,Phase3D_D3_SM_no_defined_direct,agnostic_freeform_ast,,"['$amount', '$high', '$vwap']","['CSRank', 'Corr', 'Delta', 'Mean', 'Mul', 'ZScore']",,,1.290859,
registry_095,phase3d_cluster_030,,phase3D_cumulative_previous_103,"Neg(CSRank(Mul(ZScore(Delta($amount,5)),ZScore(Delta($close,21)))))","Neg(CSRank(Mul(ZScore(Delta($amount,5)),ZScore(Delta($close,21)))))",stockpit-cem_adaptive_grammar-3fb747673b2a,Phase3D,Phase3D_D3_SM_no_defined_direct,Phase3D_D3_SM_no_defined_direct,r0_cem_led,,"['$amount', '$close']","['CSRank', 'Delta', 'Mul', 'Neg', 'ZScore']",,,0.976969,
registry_096,phase3d_cluster_036,,phase3D_cumulative_previous_103,"CSRank(Add(ZScore(Std($vwap,34)),Sign(Mom($low,2))))","CSRank(Add(ZScore(Std($vwap,34)),Sign(Mom($low,2))))",agnostic-freeform-4a6b536078b7,Phase3D,Phase3D_D3_SM_no_defined_direct,Phase3D_D3_SM_no_defined_direct,replay_aware_residual,,"['$low', '$vwap']","['Add', 'CSRank', 'Mom', 'Sign', 'Std', 'ZScore']",,,1.110692,
registry_097,phase3d_cluster_037,,phase3D_cumulative_previous_103,"CSRank(Mul(ZScore(Neg(CSRank(Mean(Abs($ret),3)))),ZScore(Neg(CSRank($close)))))","CSRank(Mul(ZScore(Neg(CSRank(Mean(Abs($ret),3)))),ZScore(Neg(CSRank($close)))))",stockpit-ast_evolutionary_mutation-9f67fb9ef676,Phase3D,Phase3D_D0_SM_current_control,Phase3D_D0_SM_current_control,r0_cem_led,,"['$close', '$ret']","['Abs', 'CSRank', 'Mean', 'Mul', 'Neg', 'ZScore']",,,0.661996,
registry_098,phase3d_cluster_039,,phase3D_cumulative_previous_103,"CSRank(Mul(ZScore(Mom($close,60)),Mul(Mean(Mul(Sign(Delta($vwap,1)),Sign(Delta($turnover_rate,1))),20),ZScore(Mean(Abs(Delta($close,1)),60)))))","CSRank(Mul(ZScore(Mom($close,60)),Mul(Mean(Mul(Sign(Delta($vwap,1)),Sign(Delta($turnover_rate,1))),20),ZScore(Mean(Abs(Delta($close,1)),60)))))",fgv2-signal_confirm_state-24bfb77a8efc,Phase3D,Phase3D_D0_SM_current_control,Phase3D_D0_SM_current_control,formula_gen_v2_defined,,"['$close', '$turnover_rate', '$vwap']","['Abs', 'CSRank', 'Delta', 'Mean', 'Mom', 'Mul', 'Sign', 'ZScore']",,,0.615945,
registry_099,phase3d_cluster_043,,phase3D_cumulative_previous_103,"CSRank(Mul(CSRank(CSResidual(CSRank(CSRank($close)),CSRank(Log($final_total_market_cap)))),Sign(Delta($amount,1))))","CSRank(Mul(CSRank(CSResidual(CSRank(CSRank($close)),CSRank(Log($final_total_market_cap)))),Sign(Delta($amount,1))))",fgv2-repair-add_confirmation-235975547a,Phase3D,Phase3D_D3_SM_no_defined_direct,Phase3D_D3_SM_no_defined_direct,formula_gen_v2_repair_expansion,,"['$amount', '$close', '$final_total_market_cap']","['CSRank', 'CSResidual', 'Delta', 'Log', 'Mul', 'Sign']",,,1.013588,
registry_100,phase3d_cluster_045,,phase3D_cumulative_previous_103,"CSRank(Mul(ZScore(Delta($open,8)),Mul(ZScore(Mean($final_total_market_cap,21)),CSRank($high))))","CSRank(Mul(ZScore(Delta($open,8)),Mul(ZScore(Mean($final_total_market_cap,21)),CSRank($high))))",agnostic-freeform-edd9470c49cd,Phase3D,Phase3D_D2_PM_open_repair,Phase3D_D2_PM_open_repair,agnostic_freeform_ast,,"['$final_total_market_cap', '$high', '$open']","['CSRank', 'Delta', 'Mean', 'Mul', 'ZScore']",,,0.929302,
registry_101,phase3d_cluster_047,,phase3D_cumulative_previous_103,"CSRank(Mul(CSRank(Mean($low,5)),Corr(Mean(Abs(Delta($vwap,1)),8),Delay(Std($high,8),1),8)))","CSRank(Mul(CSRank(Mean($low,5)),Corr(Mean(Abs(Delta($vwap,1)),8),Delay(Std($high,8),1),8)))",agnostic-freeform-1c846e0cc402,Phase3D,Phase3D_D1_SM_open_repair,Phase3D_D1_SM_open_repair,replay_aware_residual,,"['$high', '$low', '$vwap']","['Abs', 'CSRank', 'Corr', 'Delay', 'Delta', 'Mean', 'Mul', 'Std']",,,1.08918,
registry_102,phase3d_cluster_052,,phase3D_cumulative_previous_103,"CSRank(Mul(CSRank(Mom($turnover_rate,3)),Mul(ZScore(Delta($vwap,34)),ZScore(Mean(Abs(Delta($close,1)),5)))))","CSRank(Mul(CSRank(Mom($turnover_rate,3)),Mul(ZScore(Delta($vwap,34)),ZScore(Mean(Abs(Delta($close,1)),5)))))",agnostic-freeform-73911f0bee3e,Phase3D,Phase3D_D2_PM_open_repair,Phase3D_D2_PM_open_repair,agnostic_freeform_ast,,"['$close', '$turnover_rate', '$vwap']","['Abs', 'CSRank', 'Delta', 'Mean', 'Mom', 'Mul', 'ZScore']",,,0.558317,
registry_103,phase3d_cluster_079,,phase3D_cumulative_previous_103,"CSRank(Mul(ZScore(Delta($high,21)),Mul(CSRank(Mean($close,34)),CSRank(Mean($vwap,8)))))","CSRank(Mul(ZScore(Delta($high,21)),Mul(CSRank(Mean($close,34)),CSRank(Mean($vwap,8)))))",agnostic-freeform-0cb0d1322816,Phase3D,Phase3D_D2_PM_open_repair,Phase3D_D2_PM_open_repair,agnostic_freeform_ast,,"['$close', '$high', '$vwap']","['CSRank', 'Delta', 'Mean', 'Mul', 'ZScore']",,,0.920576,
registry_104,cluster_004,cluster_004,phase3E_new_vs_phase3D_31,"CSRank(Mul(ZScore(Std($open,3)),ZScore(Mean(Abs(Delta($amount,1)),34))))","CSRank(Mul(ZScore(Std($open,3)),ZScore(Mean(Abs(Delta($amount,1)),34))))",agnostic-freeform-25f851077a93,Phase3E,Phase3E_E3_D3_book_marginal,Phase3E_E3_D3_book_marginal,agnostic_freeform_ast,agnostic_freeform_ast,"['$amount', '$open']","['Abs', 'CSRank', 'Delta', 'Mean', 'Mul', 'Std', 'ZScore']",0.307609,0.327128,0.620469,1.811518
registry_105,cluster_011,cluster_011,phase3E_new_vs_phase3D_31,"CSRank(Mul(CSRank(Mean($amount,2)),Mul(CSRank(Delta($open,3)),ZScore(Std($high,34)))))","CSRank(Mul(CSRank(Mean($amount,2)),Mul(CSRank(Delta($open,3)),ZScore(Std($high,34)))))",agnostic-freeform-ae75d4bc8223,Phase3E,Phase3E_E1_D3_plus_D2_sidecar,Phase3E_E1_D3_plus_D2_sidecar,agnostic_freeform_ast,agnostic_freeform_ast,"['$amount', '$high', '$open']","['CSRank', 'Delta', 'Mean', 'Mul', 'Std', 'ZScore']",0.398185,0.41797,0.694815,3.930884
registry_106,cluster_013,cluster_013,phase3E_new_vs_phase3D_31,"CSRank(Mul(CSRank($volume),Mul(ZScore($final_total_market_cap),CSRank($turnover_rate))))","CSRank(Mul(CSRank($volume),Mul(ZScore($final_total_market_cap),CSRank($turnover_rate))))",agnostic-freeform-bd66e1ad942d,Phase3E,Phase3E_E3_D3_book_marginal,Phase3E_E3_D3_book_marginal,agnostic_freeform_ast,agnostic_freeform_ast,"['$final_total_market_cap', '$turnover_rate', '$volume']","['CSRank', 'Mul', 'ZScore']",0.250675,0.261693,0.782849,1.452882
registry_107,cluster_016,cluster_016,phase3E_new_vs_phase3D_31,"CSRank(Mul(ZScore(Mean(Abs(Delta($open,1)),21)),Mul(CSRank(Mean(Abs(Delta($high,1)),2)),Sign(Mean($open,21)))))","CSRank(Mul(ZScore(Mean(Abs(Delta($open,1)),21)),Mul(CSRank(Mean(Abs(Delta($high,1)),2)),Sign(Mean($open,21)))))",agnostic-freeform-d19ab9871668,Phase3E,Phase3E_E3_D3_book_marginal,Phase3E_E3_D3_book_marginal,agnostic_freeform_ast,agnostic_freeform_ast,"['$high', '$open']","['Abs', 'CSRank', 'Delta', 'Mean', 'Mul', 'Sign', 'ZScore']",0.321874,0.332501,1.292534,6.06268
registry_108,cluster_018,cluster_018,phase3E_new_vs_phase3D_31,"CSRank(Mul(Sign($turnover_rate),Mul(CSRank(Delta($close,34)),ZScore($low))))","CSRank(Mul(Sign($turnover_rate),Mul(CSRank(Delta($close,34)),ZScore($low))))",agnostic-freeform-2a3d2b3f0333,Phase3E,Phase3E_E0_D3_primary,Phase3E_E0_D3_primary,agnostic_freeform_ast,agnostic_freeform_ast,"['$close', '$low', '$turnover_rate']","['CSRank', 'Delta', 'Mul', 'Sign', 'ZScore']",0.149274,0.164292,1.555203,2.751926
registry_109,cluster_020,cluster_020,phase3E_new_vs_phase3D_31,"CSRank(Sub(ZScore(Mean($open,34)),ZScore(Delta($vwap,8))))","CSRank(Sub(ZScore(Mean($open,34)),ZScore(Delta($vwap,8))))",agnostic-freeform-af217408a657,Phase3E,Phase3E_E1_D3_plus_D2_sidecar,Phase3E_E1_D3_plus_D2_sidecar,agnostic_freeform_ast,agnostic_freeform_ast,"['$open', '$vwap']","['CSRank', 'Delta', 'Mean', 'Sub', 'ZScore']",0.240741,0.252387,1.117207,0.267179
registry_110,cluster_023,cluster_023,phase3E_new_vs_phase3D_31,"CSRank(CSResidual(ZScore(Mean(Abs(Delta($low,1)),3)),CSRank(Std($final_float_market_cap,2))))","CSRank(CSResidual(ZScore(Mean(Abs(Delta($low,1)),3)),CSRank(Std($final_float_market_cap,2))))",agnostic-freeform-7d3e40644ec1,Phase3E,Phase3E_E1_D3_plus_D2_sidecar,Phase3E_E1_D3_plus_D2_sidecar,agnostic_freeform_ast,agnostic_freeform_ast,"['$final_float_market_cap', '$low']","['Abs', 'CSRank', 'CSResidual', 'Delta', 'Mean', 'Std', 'ZScore']",0.388265,0.407238,0.981995,3.441123
registry_111,cluster_030,cluster_030,phase3E_new_vs_phase3D_31,"CSRank(Mul(CSRank(Std($final_float_market_cap,21)),ZScore(Mean(Abs(Delta($close,1)),20))))","CSRank(Mul(CSRank(Std($final_float_market_cap,21)),ZScore(Mean(Abs(Delta($close,1)),20))))",fgv2-repair-add_state_gate-4e1937f9f9,Phase3E,Phase3E_E3_D3_book_marginal,Phase3E_E3_D3_book_marginal,formula_gen_v2_repair_expansion,formula_gen_v2_repair_expansion,"['$close', '$final_float_market_cap']","['Abs', 'CSRank', 'Delta', 'Mean', 'Mul', 'Std', 'ZScore']",0.048649,0.065051,1.586465,2.704049
registry_112,cluster_031,cluster_031,phase3E_new_vs_phase3D_31,"CSRank(Mul(ZScore(Mean(Abs(Delta($final_float_market_cap,1)),5)),Mul(ZScore(Mean($final_total_market_cap,34)),ZScore($high))))","CSRank(Mul(ZScore(Mean(Abs(Delta($final_float_market_cap,1)),5)),Mul(ZScore(Mean($final_total_market_cap,34)),ZScore($high))))",agnostic-freeform-ca14e40fcc83,Phase3E,Phase3E_E1_D3_plus_D2_sidecar,Phase3E_E1_D3_plus_D2_sidecar,agnostic_freeform_ast,agnostic_freeform_ast,"['$final_float_market_cap', '$final_total_market_cap', '$high']","['Abs', 'CSRank', 'Delta', 'Mean', 'Mul', 'ZScore']",0.069145,0.08291,1.20873,6.029984
registry_113,cluster_034,cluster_034,phase3E_new_vs_phase3D_31,"CSRank(Mul(ZScore(Mean($low,2)),Corr(Std($open,21),Delay(Mean($high,21),1),5)))","CSRank(Mul(ZScore(Mean($low,2)),Corr(Std($open,21),Delay(Mean($high,21),1),5)))",agnostic-freeform-65dea0aca41f,Phase3E,Phase3E_E1_D3_plus_D2_sidecar,Phase3E_E1_D3_plus_D2_sidecar,agnostic_freeform_ast,agnostic_freeform_ast,"['$high', '$low', '$open']","['CSRank', 'Corr', 'Delay', 'Mean', 'Mul', 'Std', 'ZScore']",0.205783,0.213482,1.630332,0.737074
registry_114,cluster_038,cluster_038,phase3E_new_vs_phase3D_31,"CSRank(CSResidual(ZScore($vwap),CSRank(Delta($low,5))))","CSRank(CSResidual(ZScore($vwap),CSRank(Delta($low,5))))",agnostic-freeform-d8bd7f2e111e,Phase3E,Phase3E_E3_D3_book_marginal,Phase3E_E3_D3_book_marginal,agnostic_freeform_ast,agnostic_freeform_ast,"['$low', '$vwap']","['CSRank', 'CSResidual', 'Delta', 'ZScore']",0.303845,0.330058,1.097827,3.097287
registry_115,cluster_039,cluster_039,phase3E_new_vs_phase3D_31,"CSRank(Add(ZScore(Mean($high,5)),Sign(Mom($close,2))))","CSRank(Add(ZScore(Mean($high,5)),Sign(Mom($close,2))))",agnostic-freeform-9e503df15f34,Phase3E,Phase3E_E3_D3_book_marginal,Phase3E_E3_D3_book_marginal,agnostic_freeform_ast,agnostic_freeform_ast,"['$close', '$high']","['Add', 'CSRank', 'Mean', 'Mom', 'Sign', 'ZScore']",0.37319,0.40776,1.179501,3.153645
registry_116,cluster_040,cluster_040,phase3E_new_vs_phase3D_31,"CSRank(Mul(CSRank(Delta($high,3)),Mul(ZScore(Mom($final_float_market_cap,13)),ZScore($vwap))))","CSRank(Mul(CSRank(Delta($high,3)),Mul(ZScore(Mom($final_float_market_cap,13)),ZScore($vwap))))",agnostic-freeform-3e10fa20a8b6,Phase3E,Phase3E_E1_D3_plus_D2_sidecar,Phase3E_E1_D3_plus_D2_sidecar,agnostic_freeform_ast,agnostic_freeform_ast,"['$final_float_market_cap', '$high', '$vwap']","['CSRank', 'Delta', 'Mom', 'Mul', 'ZScore']",0.371973,0.391445,0.634218,0.838142
registry_117,cluster_043,cluster_043,phase3E_new_vs_phase3D_31,"CSRank(CSResidual(CSRank(Std($final_total_market_cap,21)),ZScore(Std($volume,2))))","CSRank(CSResidual(CSRank(Std($final_total_market_cap,21)),ZScore(Std($volume,2))))",agnostic-freeform-dae05e7aac88,Phase3E,Phase3E_E2_D3_deployability_hardened,Phase3E_E2_D3_deployability_hardened,agnostic_freeform_ast,agnostic_freeform_ast,"['$final_total_market_cap', '$volume']","['CSRank', 'CSResidual', 'Std', 'ZScore']",0.261265,0.280225,1.139542,1.646543
registry_118,cluster_044,cluster_044,phase3E_new_vs_phase3D_31,"CSRank(Mul(ZScore(Std($close,2)),CSRank(Std($amount,21))))","CSRank(Mul(ZScore(Std($close,2)),CSRank(Std($amount,21))))",agnostic-freeform-3d8494bee390,Phase3E,Phase3E_E0_D3_primary,Phase3E_E0_D3_primary,agnostic_freeform_ast,agnostic_freeform_ast,"['$amount', '$close']","['CSRank', 'Mul', 'Std', 'ZScore']",0.607681,0.624255,0.727778,1.527928
registry_119,cluster_048,cluster_048,phase3E_new_vs_phase3D_31,"CSRank(Mul(CSRank(Std($open,34)),Corr($high,Mean($final_float_market_cap,8),21)))","CSRank(Mul(CSRank(Std($open,34)),Corr($high,Mean($final_float_market_cap,8),21)))",agnostic-freeform-907e27620b0f,Phase3E,Phase3E_E2_D3_deployability_hardened,Phase3E_E2_D3_deployability_hardened,agnostic_freeform_ast,agnostic_freeform_ast,"['$final_float_market_cap', '$high', '$open']","['CSRank', 'Corr', 'Mean', 'Mul', 'Std']",0.231187,0.242308,0.761894,2.765135
registry_120,cluster_050,cluster_050,phase3E_new_vs_phase3D_31,"CSRank(Mul(CSRank(Mean(Abs($close),21)),ZScore(Mean(Abs(Delta($close,1)),20))))","CSRank(Mul(CSRank(Mean(Abs($close),21)),ZScore(Mean(Abs(Delta($close,1)),20))))",fgv2-repair-add_state_gate-fabcc2b993,Phase3E,Phase3E_E0_D3_primary,Phase3E_E0_D3_primary,formula_gen_v2_repair_expansion,formula_gen_v2_repair_expansion,['$close'],"['Abs', 'CSRank', 'Delta', 'Mean', 'Mul', 'ZScore']",0.079715,0.097419,1.451521,3.257574
registry_121,cluster_051,cluster_051,phase3E_new_vs_phase3D_31,"CSRank(Mul(ZScore(Std($low,5)),Mul(CSRank(Std($low,3)),Sign(Std($high,2)))))","CSRank(Mul(ZScore(Std($low,5)),Mul(CSRank(Std($low,3)),Sign(Std($high,2)))))",agnostic-freeform-fc9a5323fa49,Phase3E,Phase3E_E1_D3_plus_D2_sidecar,Phase3E_E1_D3_plus_D2_sidecar,agnostic_freeform_ast,agnostic_freeform_ast,"['$high', '$low']","['CSRank', 'Mul', 'Sign', 'Std', 'ZScore']",0.566277,0.574567,0.564323,1.3516
registry_122,cluster_053,cluster_053,phase3E_new_vs_phase3D_31,"CSRank(Mul(ZScore($turnover_rate),Mul(Sign(Std($final_float_market_cap,8)),ZScore(Mean($open,5)))))","CSRank(Mul(ZScore($turnover_rate),Mul(Sign(Std($final_float_market_cap,8)),ZScore(Mean($open,5)))))",agnostic-freeform-3e2a5f436bcc,Phase3E,Phase3E_E1_D3_plus_D2_sidecar,Phase3E_E1_D3_plus_D2_sidecar,agnostic_freeform_ast,agnostic_freeform_ast,"['$final_float_market_cap', '$open', '$turnover_rate']","['CSRank', 'Mean', 'Mul', 'Sign', 'Std', 'ZScore']",0.263746,0.273813,0.803682,3.844136
registry_123,cluster_054,cluster_054,phase3E_new_vs_phase3D_31,"CSRank(Mul(ZScore(Std($close,21)),ZScore(Std($close,5))))","CSRank(Mul(ZScore(Std($close,21)),ZScore(Std($close,5))))",stockpit-cem_adaptive_grammar-9f3d1b47cd40,Phase3E,Phase3E_E3_D3_book_marginal,Phase3E_E3_D3_book_marginal,cem_adaptive_grammar,r0_cem_led,['$close'],"['CSRank', 'Mul', 'Std', 'ZScore']",0.303706,0.318159,0.87558,2.105278
registry_124,cluster_055,cluster_055,phase3E_new_vs_phase3D_31,"CSRank(Add(CSRank($close),CSRank(Delta($close,13))))","CSRank(Add(CSRank($close),CSRank(Delta($close,13))))",agnostic-freeform-16120276d90f,Phase3E,Phase3E_E3_D3_book_marginal,Phase3E_E3_D3_book_marginal,agnostic_freeform_ast,agnostic_freeform_ast,['$close'],"['Add', 'CSRank', 'Delta']",0.252748,0.264075,0.995738,1.425101
registry_125,cluster_057,cluster_057,phase3E_new_vs_phase3D_31,"Neg(CSRank(Std($volume,5)))","Neg(CSRank(Std($volume,5)))",stockpit-cem_adaptive_grammar-55de61ecde63,Phase3E,Phase3E_E3_D3_book_marginal,Phase3E_E3_D3_book_marginal,cem_adaptive_grammar,r0_cem_led,['$volume'],"['CSRank', 'Neg', 'Std']",0.27596,0.290619,0.722324,0.916967
registry_126,cluster_060,cluster_060,phase3E_new_vs_phase3D_31,"CSRank(Mul(ZScore(Delta($open,8)),Mul(ZScore(Mean(Abs(Delta($high,1)),3)),ZScore(Mean($vwap,3)))))","CSRank(Mul(ZScore(Delta($open,8)),Mul(ZScore(Mean(Abs(Delta($high,1)),3)),ZScore(Mean($vwap,3)))))",agnostic-freeform-a1758f15f7ea,Phase3E,Phase3E_E3_D3_book_marginal,Phase3E_E3_D3_book_marginal,agnostic_freeform_ast,agnostic_freeform_ast,"['$high', '$open', '$vwap']","['Abs', 'CSRank', 'Delta', 'Mean', 'Mul', 'ZScore']",0.279668,0.290044,0.810644,-0.021124
registry_127,cluster_062,cluster_062,phase3E_new_vs_phase3D_31,"CSRank(Mul(Sign(Mean($final_float_market_cap,34)),Mul(CSRank($vwap),CSRank($final_total_market_cap))))","CSRank(Mul(Sign(Mean($final_float_market_cap,34)),Mul(CSRank($vwap),CSRank($final_total_market_cap))))",agnostic-freeform-bf153db404b9,Phase3E,Phase3E_E3_D3_book_marginal,Phase3E_E3_D3_book_marginal,agnostic_freeform_ast,agnostic_freeform_ast,"['$final_float_market_cap', '$final_total_market_cap', '$vwap']","['CSRank', 'Mean', 'Mul', 'Sign']",0.04463,0.057837,1.44015,1.21323
registry_128,cluster_064,cluster_064,phase3E_new_vs_phase3D_31,"Neg(CSRank(Mul(ZScore(Delta($close,5)),ZScore(Delta($close,21)))))","Neg(CSRank(Mul(ZScore(Delta($close,5)),ZScore(Delta($close,21)))))",stockpit-cem_adaptive_grammar-378242fdbe92,Phase3E,Phase3E_E0_D3_primary,Phase3E_E0_D3_primary,cem_adaptive_grammar,r0_cem_led,['$close'],"['CSRank', 'Delta', 'Mul', 'Neg', 'ZScore']",0.375194,0.384838,1.171956,-0.046512
registry_129,cluster_065,cluster_065,phase3E_new_vs_phase3D_31,"CSRank(Sub(CSRank(Mean(Abs(Delta($final_total_market_cap,1)),8)),ZScore($volume)))","CSRank(Sub(CSRank(Mean(Abs(Delta($final_total_market_cap,1)),8)),ZScore($volume)))",agnostic-freeform-f78bdb206872,Phase3E,Phase3E_E3_D3_book_marginal,Phase3E_E3_D3_book_marginal,agnostic_freeform_ast,agnostic_freeform_ast,"['$final_total_market_cap', '$volume']","['Abs', 'CSRank', 'Delta', 'Mean', 'Sub', 'ZScore']",0.230996,0.242022,0.63798,1.200425
registry_130,cluster_066,cluster_066,phase3E_new_vs_phase3D_31,"CSRank(Mul(ZScore(Mean(Abs(Delta($open,1)),8)),Corr(Mom($close,8),Mom($close,21),13)))","CSRank(Mul(ZScore(Mean(Abs(Delta($open,1)),8)),Corr(Mom($close,8),Mom($close,21),13)))",agnostic-freeform-095cbcaba18c,Phase3E,Phase3E_E2_D3_deployability_hardened,Phase3E_E2_D3_deployability_hardened,agnostic_freeform_ast,agnostic_freeform_ast,"['$close', '$open']","['Abs', 'CSRank', 'Corr', 'Delta', 'Mean', 'Mom', 'Mul', 'ZScore']",0.221523,0.238353,0.91144,1.652601
registry_131,cluster_067,cluster_067,phase3E_new_vs_phase3D_31,"CSRank(Mul(Sign(Mom($high,34)),Mul(Sign(Delta($open,13)),CSRank(Mean(Abs(Delta($final_total_market_cap,1)),34)))))","CSRank(Mul(Sign(Mom($high,34)),Mul(Sign(Delta($open,13)),CSRank(Mean(Abs(Delta($final_total_market_cap,1)),34)))))",agnostic-freeform-035ba54fd1dc,Phase3E,Phase3E_E1_D3_plus_D2_sidecar,Phase3E_E1_D3_plus_D2_sidecar,agnostic_freeform_ast,agnostic_freeform_ast,"['$final_total_market_cap', '$high', '$open']","['Abs', 'CSRank', 'Delta', 'Mean', 'Mom', 'Mul', 'Sign']",0.22976,0.24499,0.640715,0.27683
registry_132,cluster_074,cluster_074,phase3E_new_vs_phase3D_31,"CSRank(Add(Sign(Mom($turnover_rate,5)),CSRank(Mean($open,5))))","CSRank(Add(Sign(Mom($turnover_rate,5)),CSRank(Mean($open,5))))",agnostic-freeform-cf3b72fdf6f9,Phase3E,Phase3E_E2_D3_deployability_hardened,Phase3E_E2_D3_deployability_hardened,agnostic_freeform_ast,agnostic_freeform_ast,"['$open', '$turnover_rate']","['Add', 'CSRank', 'Mean', 'Mom', 'Sign']",0.424818,0.45044,0.764852,1.277395
registry_133,cluster_078,cluster_078,phase3E_new_vs_phase3D_31,"CSRank(Mul(ZScore(Delta($low,34)),Corr(Std($final_float_market_cap,2),Delta($volume,5),8)))","CSRank(Mul(ZScore(Delta($low,34)),Corr(Std($final_float_market_cap,2),Delta($volume,5),8)))",agnostic-freeform-77e1f014fb70,Phase3E,Phase3E_E3_D3_book_marginal,Phase3E_E3_D3_book_marginal,agnostic_freeform_ast,agnostic_freeform_ast,"['$final_float_market_cap', '$low', '$volume']","['CSRank', 'Corr', 'Delta', 'Mul', 'Std', 'ZScore']",0.26712,0.28406,0.78159,1.174954
registry_134,cluster_089,cluster_089,phase3E_new_vs_phase3D_31,"Neg(CSRank(CSResidual(CSRank(Delta($close,5)),CSRank(Delta($final_float_market_cap,5)))))","Neg(CSRank(CSResidual(CSRank(Delta($close,5)),CSRank(Delta($final_float_market_cap,5)))))",stockpit-cem_adaptive_grammar-f7a1573f8aff,Phase3E,Phase3E_E1_D3_plus_D2_sidecar,Phase3E_E1_D3_plus_D2_sidecar,cem_adaptive_grammar,r0_cem_led,"['$close', '$final_float_market_cap']","['CSRank', 'CSResidual', 'Delta', 'Neg']",0.51118,0.503623,0.514999,0.410598
registry_135,cluster_135,cluster_004,phase3H_new_vs_phase3E_15,"CSRank(Sub(CSRank(Mom($vwap,34)),ZScore(Std($volume,3))))","CSRank(Sub(CSRank(Mom($vwap,34)),ZScore(Std($volume,3))))",agnostic-freeform-806d5235bba6,Phase3H,Phase3H_H0_G0_stable,s33_h0,agnostic_freeform_ast,agnostic_freeform_ast,"['$volume', '$vwap']","['CSRank', 'Mom', 'Std', 'Sub', 'ZScore']",0.342091,0.346881,1.469839,4.320252
registry_136,cluster_136,cluster_015,phase3H_new_vs_phase3E_15,"CSRank(Mul(CSRank(Mul(ZScore(Delta($close,5)),ZScore(Delta($close,5)))),ZScore(Mean(Abs(Delta($close,1)),20))))","CSRank(Mul(CSRank(Mul(ZScore(Delta($close,5)),ZScore(Delta($close,5)))),ZScore(Mean(Abs(Delta($close,1)),20))))",fgv2-repair-add_state_gate-8c5791d8cd,Phase3H,Phase3H_H0_G0_stable,s34_h0,formula_gen_v2_repair_expansion,formula_gen_v2_repair_expansion,['$close'],"['Abs', 'CSRank', 'Delta', 'Mean', 'Mul', 'ZScore']",0.356734,0.36877,1.432854,4.582608
registry_137,cluster_137,cluster_018,phase3H_new_vs_phase3E_15,"CSRank(Add(ZScore(Mean($vwap,34)),CSRank(Delta($volume,8))))","CSRank(Add(ZScore(Mean($vwap,34)),CSRank(Delta($volume,8))))",agnostic-freeform-3012000864f6,Phase3H,Phase3H_H1_G2_signal_vector_control,s35_h1,agnostic_freeform_ast,agnostic_freeform_ast,"['$volume', '$vwap']","['Add', 'CSRank', 'Delta', 'Mean', 'ZScore']",0.232384,0.257585,1.108181,3.647021
registry_138,cluster_138,cluster_019,phase3H_new_vs_phase3E_15,"CSRank(CSResidual(Sign(Delta($low,21)),ZScore(Delta($low,2))))","CSRank(CSResidual(Sign(Delta($low,21)),ZScore(Delta($low,2))))",agnostic-freeform-1ee07626df7e,Phase3H,Phase3H_H1_G2_signal_vector_control,s36_h1,agnostic_freeform_ast,agnostic_freeform_ast,['$low'],"['CSRank', 'CSResidual', 'Delta', 'Sign', 'ZScore']",0.625144,0.636582,0.593372,0.296186
registry_139,cluster_139,cluster_020,phase3H_new_vs_phase3E_15,"CSRank(Mul(ZScore(Mean(Abs(Delta($vwap,1)),13)),Corr(Delta($amount,21),Delay($close,1),5)))","CSRank(Mul(ZScore(Mean(Abs(Delta($vwap,1)),13)),Corr(Delta($amount,21),Delay($close,1),5)))",agnostic-freeform-e4ab618059c8,Phase3H,Phase3H_H1_G2_signal_vector_control,s36_h1,agnostic_freeform_ast,agnostic_freeform_ast,"['$amount', '$close', '$vwap']","['Abs', 'CSRank', 'Corr', 'Delay', 'Delta', 'Mean', 'Mul', 'ZScore']",0.391989,0.401062,1.089695,-0.044681
registry_140,cluster_140,cluster_021,phase3H_new_vs_phase3E_15,"CSRank(Mul(CSRank(Std($final_total_market_cap,13)),Mul(CSRank($final_total_market_cap),ZScore(Std($final_total_market_cap,21)))))","CSRank(Mul(CSRank(Std($final_total_market_cap,13)),Mul(CSRank($final_total_market_cap),ZScore(Std($final_total_market_cap,21)))))",agnostic-freeform-7ec86bf35fbd,Phase3H,Phase3H_H1_G2_signal_vector_control,s36_h1,agnostic_freeform_ast,agnostic_freeform_ast,['$final_total_market_cap'],"['CSRank', 'Mul', 'Std', 'ZScore']",0.127749,0.135676,0.512765,2.554441
registry_141,cluster_141,cluster_025,phase3H_new_vs_phase3E_15,"CSRank(Add(ZScore(Mean($close,34)),CSRank(Delta($final_total_market_cap,21))))","CSRank(Add(ZScore(Mean($close,34)),CSRank(Delta($final_total_market_cap,21))))",agnostic-freeform-96b7cdc28100,Phase3H,Phase3H_H1_G2_signal_vector_control,s34_h1,agnostic_freeform_ast,agnostic_freeform_ast,"['$close', '$final_total_market_cap']","['Add', 'CSRank', 'Delta', 'Mean', 'ZScore']",0.111955,0.128565,1.32251,2.948465
registry_142,cluster_142,cluster_026,phase3H_new_vs_phase3E_15,"CSRank(Mul(ZScore(Mean(Abs(Delta($high,1)),13)),Mul(ZScore($vwap),CSRank(Mean($vwap,8)))))","CSRank(Mul(ZScore(Mean(Abs(Delta($high,1)),13)),Mul(ZScore($vwap),CSRank(Mean($vwap,8)))))",agnostic-freeform-a89759d3657a,Phase3H,Phase3H_H0_G0_stable,s33_h0,agnostic_freeform_ast,agnostic_freeform_ast,"['$high', '$vwap']","['Abs', 'CSRank', 'Delta', 'Mean', 'Mul', 'ZScore']",0.10336,0.115093,1.291597,2.660013
registry_143,cluster_143,cluster_028,phase3H_new_vs_phase3E_15,"CSRank(CSResidual(ZScore(Delta($low,34)),ZScore(Mean($turnover_rate,3))))","CSRank(CSResidual(ZScore(Delta($low,34)),ZScore(Mean($turnover_rate,3))))",agnostic-freeform-16b6c661391f,Phase3H,Phase3H_H0_G0_stable,s36_h0,agnostic_freeform_ast,replay_aware_residual,"['$low', '$turnover_rate']","['CSRank', 'CSResidual', 'Delta', 'Mean', 'ZScore']",0.154218,0.171286,1.070938,1.562755
registry_144,cluster_144,cluster_034,phase3H_new_vs_phase3E_15,"CSRank(Mul(CSRank($open),CSRank(Delta($high,2))))","CSRank(Mul(CSRank($open),CSRank(Delta($high,2))))",agnostic-freeform-e372c7319500,Phase3H,Phase3H_H0_G0_stable,s36_h0,agnostic_freeform_ast,agnostic_freeform_ast,"['$high', '$open']","['CSRank', 'Delta', 'Mul']",0.376419,0.388325,0.801616,1.803278
registry_145,cluster_145,cluster_038,phase3H_new_vs_phase3E_15,"CSRank(Mul(ZScore(Mean($vwap,13)),Corr(Mom($high,21),$volume,5)))","CSRank(Mul(ZScore(Mean($vwap,13)),Corr(Mom($high,21),$volume,5)))",agnostic-freeform-c22dd26ab358,Phase3H,Phase3H_H0_G0_stable,s35_h0,agnostic_freeform_ast,replay_aware_residual,"['$high', '$volume', '$vwap']","['CSRank', 'Corr', 'Mean', 'Mom', 'Mul', 'ZScore']",0.412346,0.425803,0.960076,0.605013
registry_146,cluster_146,cluster_039,phase3H_new_vs_phase3E_15,"CSRank(Mul(ZScore(Mean($final_total_market_cap,34)),ZScore(Delta($final_total_market_cap,17))))","CSRank(Mul(ZScore(Mean($final_total_market_cap,34)),ZScore(Delta($final_total_market_cap,17))))",phase3repair-failure_detail-duplicate_escape-066245d90aa4,Phase3H,Phase3H_H0_G0_stable,s34_h0,ast_failure_aware_repair,ast_failure_aware_repair,['$final_total_market_cap'],"['CSRank', 'Delta', 'Mean', 'Mul', 'ZScore']",0.162536,0.1715,0.528352,0.604855
registry_147,cluster_147,cluster_045,phase3H_new_vs_phase3E_15,"CSRank(CSResidual(CSRank(Mean(Abs($volume),5)),CSRank(Mean(Abs($close),21))))","CSRank(CSResidual(CSRank(Mean(Abs($volume),5)),CSRank(Mean(Abs($close),21))))",stockpit-cem_adaptive_grammar-ba2754d1bf17,Phase3H,Phase3H_H0_G0_stable,s33_h0,cem_adaptive_grammar,r0_cem_led,"['$close', '$volume']","['Abs', 'CSRank', 'CSResidual', 'Mean']",0.081663,0.115425,0.639592,1.191657
registry_148,cluster_148,cluster_046,phase3H_new_vs_phase3E_15,"CSRank(CSResidual(CSRank(Mom($close,8)),CSRank(Mom($final_float_market_cap,8))))","CSRank(CSResidual(CSRank(Mom($close,8)),CSRank(Mom($final_float_market_cap,8))))",stockpit-cem_adaptive_grammar-5d96a5aa6e5c,Phase3H,Phase3H_H0_G0_stable,s34_h0,cem_adaptive_grammar,r0_cem_led,"['$close', '$final_float_market_cap']","['CSRank', 'CSResidual', 'Mom']",0.61568,0.576383,0.725861,0.867769
registry_149,cluster_149,cluster_049,phase3H_new_vs_phase3E_15,"CSRank(CSResidual(ZScore(Delta($vwap,13)),CSRank(Delta($low,3))))","CSRank(CSResidual(ZScore(Delta($vwap,13)),CSRank(Delta($low,3))))",agnostic-freeform-1dcf28148787,Phase3H,Phase3H_H1_G2_signal_vector_control,s36_h1,agnostic_freeform_ast,agnostic_freeform_ast,"['$low', '$vwap']","['CSRank', 'CSResidual', 'Delta', 'ZScore']",0.255658,0.266491,0.621509,-0.016159
